RunsAllowed,BA,OBP,SLG,IP,P.BA,P.OBP,P.SLG,BP.ERA,BP.WHIP,BP.BA
0,.248,.333,.429,5.78571428571429,0.223,0.273,0.388,3.9,1.23,0.235
0,.258,.335,.446,5.58823529411765,0.22,0.29,0.358,3.74,1.24,0.233
